0,1,2,3,4,5,6,7,8,9,10,11,12,13,14,15,16
-0.6822322074113659,-0.6538543577738343,-0.5333420343698917,-1.2713930133384694,-0.5458831548763002,-0.14108931230706034,1.4740045344626318,0.4077306941182567,0.23360732163677228,0.03849694328396056,-0.0910160885029162,0.31687544460774336,0.4835157320422241,1.2029699090409978,-0.5560045092665035,0.17136803182602756,-0.08479752071783439
0.45963137180280605,0.456854861938107,0.7045986509106824,0.3840646559688022,0.7802906953202481,1.5316708161136454,-0.8519194606665523,-0.4323545138736517,-0.3906059928730419,-0.03563205448143342,-0.4025061244753132,-0.15527066312061732,0.04472335987848962,2.0803056563137448,-0.2957642261433308,0.7601345478092255,-0.07242349380190932
0.5779952794042751,0.7061977479958896,0.9296787755071505,0.3446489971757719,1.0143213747666977,-0.23150877870817957,0.8396616267001271,1.4107694164274995,1.4556122230581015,1.965850885184204,1.537081316012602,1.6695102397214252,0.40124216226152387,-0.3252923604018518,-0.7695349979829529,-0.858973371144569,-0.02292738613820906
-0.6404567106108474,-0.5178491471968618,-0.19572184747518967,-0.6801581314430153,-0.38986270191200045,-0.5479769111120969,-1.0633670965873874,-0.9976282867032755,-0.9784894319351949,-0.6657285354872823,-0.9676839217035799,-0.8571094719060183,-0.8563681186720365,1.8149823456465832,-0.5760229925836706,-0.7117817421487694,-1.0338853851692869
1.2603283938127436,1.3408887306884276,-0.8709622212645938,0.6993899263130443,-0.0388166827423259,-0.3219282451092988,0.8396616267001271,0.8491782088931829,0.7257119981550914,-0.5792447047609892,0.4870066586623566,0.068041685129283,-0.22560408368666823,-0.035205540739088666,1.966324388696555,2.3792424667630203,0.5957739596580441
-1.5873679714225999,-1.651225902004965,-1.2085824081592957,-1.3108086721314995,-1.7160365521085488,-0.9548645099171335,-1.0633670965873874,-1.0814066471715096,-1.0759195524539225,-0.8016316980571712,-1.0254861964201072,-0.9751459988381085,-0.8916282200066223,-0.7639602340382252,0.004513023614176161,-0.27020685516137094,-1.0870937009077646
-0.800596115012835,-0.8351946385431308,-1.3211224704575297,-1.2713930133384694,-1.0919547402513496,-1.587800774724968,-0.8519194606665523,-0.9456120519070642,-0.9669299261109391,-0.8139865310180702,-0.9901625840933405,-0.8858210595381484,-0.9386416884527368,-0.6047662476379284,1.045474156106867,0.024176402830228046,-1.0128495394122143
-0.6265315450106747,-0.6538543577738343,-0.6458820966681257,-1.1925616957524088,-0.77991383432275,-1.5425910415244084,-1.0633670965873874,-1.0229459231085112,-1.0032598015586003,-0.7398575332526762,-1.019063721451604,-0.8953915887488584,-0.9543128446014415,-0.5269380765088945,1.0921839505135902,1.496092692788223,-1.0747196739918397
1.1210767378110154,1.1142133797268068,1.0422188378053845,2.0001066664830436,0.897306035043473,0.763105351704132,0.6282139907792922,0.9518297164998653,1.0014887799623373,0.2979484354628395,1.132465392996911,0.6039913209290437,0.9262258932431348,-0.19086188299715667,2.126472255233892,1.9376675797756215,0.019498202545731688
0.03491382099753477,0.07150676530335184,0.14189833941951238,-0.3254172023057428,0.3512344496684236,0.22058855329741658,-0.6404718247457174,-0.4839104280079496,-0.4979442612411316,-0.30743837962121134,-0.463519636676092,-0.3530616001419576,-0.1903439823520824,-0.2863782748373348,-0.7695349979829529,-0.27020685516137094,0.10081288302104159
-1.2113885002179334,-1.1298725947932375,-1.3211224704575297,-1.0348990605802877,-1.599021212385324,-0.9096547767165738,-0.21757655290404757,-0.286432864047112,-0.30308402020367636,-0.7645671991744742,-0.12955093831393438,-0.6752694169025281,-0.17467282620337762,-0.6047662476379284,0.1646608901515132,-0.41739848415717046,0.4720336904987935
-1.5107795606216492,-1.5152206914279926,-0.5333420343698917,-1.074314719373318,-0.9749394005281248,-0.5479769111120969,1.262556898541797,0.3073807898211411,0.2170937418878354,-0.36921254442570633,0.08560197313091715,-0.0787064294349372,-0.053221366050915396,-0.7498096574693099,-0.5426588537217254,-0.12301522616557145,-0.6663767857663124
1.079301241010497,1.0915458446306447,0.9296787755071505,1.2906248082084986,0.897306035043473,1.3960416165119665,1.6854521703834668,2.5339518314961333,2.608260089533896,1.3728189030610523,2.233919850095181,2.163987582274776,1.8821664183141278,-0.6613685539135895,1.0921839505135902,0.17136803182602756,0.6576440942376695
0.00010090699710269593,-0.4045114717160515,0.47951852631421443,0.6205586087269838,-0.15583202246555075,1.0343637509074897,-1.2748147325082222,-0.9898028354507481,-0.9933516537092381,-0.6163092036436862,-0.8906142220815435,-0.8507291190988783,-0.7309988694823981,-0.0422808290235463,-0.782880653527731,-0.5645901131529699,-1.0128495394122143
0.09061448339822609,-0.019163375081296417,-0.9835022835628278,-0.04950759075453086,-0.35085758867092554,0.8987345513058108,-1.2748147325082222,-0.9838186668458743,-0.9652785681360454,-0.7769220321353731,-0.9452052593138193,-0.8666800011167284,-0.7427522365939268,0.24426834649698798,-0.6961338924866733,-1.0061650001403686,-0.975727458664439
0.41089329220220117,0.13950937059183804,0.47951852631421443,0.14757070321062052,0.39023956290949857,1.441251349712526,-0.21757655290404757,-0.29425831529963936,-0.3377625376764438,0.013787277362162566,-0.34470384975878593,-0.20312330917416738,-0.045385787976563,0.7996784768269125,-0.47593057599783495,-0.858973371144569,0.22455315218029223
1.2115903142121387,1.2048835201114552,-0.8709622212645938,1.4088717845875893,-0.0388166827423259,1.2604124169102877,-0.21757655290404757,0.06064891503557236,0.08828781984612773,-0.6039543706827872,0.29754364709151715,-0.37220265856337764,0.25628396788600444,0.5025163688796918,-0.782880653527731,-0.858973371144569,0.6328960404058194
-0.6195689622105882,-0.8351946385431308,-0.8709622212645938,-0.9560677429942271,-1.3259854196977994,-0.9096547767165738,-0.006128916983212634,-0.2910360706662457,-0.33445982172665645,-0.6533737025263833,-0.18735321303046165,-0.6593185348846781,-0.280453130207135,-0.24746418927281777,-0.8229176201620652,-0.858973371144569,0.49265624375687417
0.424818457802374,0.4341873268419449,-0.19572184747518967,-0.24658588471968224,0.15620888346304887,-0.09587957910650073,0.6282139907792922,-0.10690780590089594,-0.14785637056366968,-0.06034172040323141,-0.33185889982177985,0.039330097497152966,-0.3353021767276018,1.5567343232638797,-0.2890913983709417,0.6129429188134261,0.5957739596580441
0.9539747506089414,0.9555406340536724,-0.6458820966681257,1.4088717845875893,-0.5848882681173753,1.7577194821164435,-0.42902418882488247,-0.11749518112490355,-0.09996698929175274,-0.4186318762693023,-0.0011014389438737673,-0.4232454810204977,0.22102386655141865,-0.10595842358366503,1.352424233636763,1.0545178058008247,0.2864232867599176
0.6963591870057442,0.6155276076112414,0.9296787755071505,1.3300404670015287,1.677408299864972,2.16460708092148,1.4740045344626318,1.2142124937904888,1.1369001339036198,1.2369157404911633,1.3283508795362535,1.3377318937501448,2.08589144824729,-0.08827020287252095,-0.8095719646172871,-0.858973371144569,0.9669947671357961
0.041876403797621184,-0.041830910177458484,-0.6458820966681257,-0.04950759075453086,-0.6238933813584502,-0.9096547767165738,-0.8519194606665523,-0.9078657576301675,-0.8992242491402979,-0.7151478673308782,-0.8649243222075315,-0.8571094719060183,-0.864203696746389,-0.2333136127039025,-0.796226309072509,-0.7117817421487694,-0.9881014855803641
1.1837399830117932,1.3182211955922654,0.5920585886124484,1.0541308554503168,1.0923316012488478,0.6274761521024531,-0.42902418882488247,-0.4222274593115574,-0.3988627827475103,-0.27037388073851437,-0.4185623118965708,-0.3403008945276776,-0.4528358478428879,-0.6472179773446742,1.1055296060583684,2.3792424667630203,0.2554882194701049
-1.455078898220958,-1.3792154808510204,-0.6458820966681257,-1.3108086721314995,-1.0529496270102747,-1.36175210872217,-0.006128916983212634,-0.5773555223763647,-0.6366583311322014,-0.4804060410737973,-0.7172073979319618,-0.582754301198998,-0.7270810804452219,0.44945170674625945,-0.5359860259493363,-0.5645901131529699,-0.5178884627752116
-1.0094735990154273,-1.1298725947932375,-0.7584221589663598,-1.2713930133384694,-1.0529496270102747,-1.226122909120491,-1.0633670965873874,-1.0188030371512908,-1.0164706653577498,-0.7522123662135752,-1.0126412464831012,-0.9113424707667084,-0.9151349542296795,0.5308175220175223,-0.44923926490827876,-0.41739848415717046,-1.0375975932440644
-1.6152183026229454,-1.560555761620317,-1.2085824081592957,-1.6261339424757417,-1.2089700799745744,-0.41234771151041805,-1.0633670965873874,-1.073120875257069,-1.062708688654773,-0.7645671991744742,-1.0575985712626224,-0.9113424707667084,-0.8093546502259221,0.12045080151897934,-0.64942409807995,-0.5645901131529699,-1.093280714365727
-1.3645653218198346,-1.4472180861395065,-0.5333420343698917,-0.9560677429942271,-1.2869803064567242,-1.4973813083238487,-0.6404718247457174,-0.8604527294530899,-0.8810593114164672,-0.4186318762693023,-0.8456568973020223,-0.7614041797989182,-0.8602859077092128,0.05323556281663179,-0.6761154091695063,-1.1533566291361679,-0.8148651087574132
0.02098865539736194,0.5021899321304311,-0.5333420343698917,0.02932372683152969,-0.1168269092244758,-0.41234771151041805,-0.8519194606665523,-0.7508964119177068,-0.6944558602534805,-0.5174705399564943,-0.7589534852272314,-0.617846241638268,-0.6722320339247551,-0.7745731664649117,0.3381544122336283,1.3489010637924235,-0.7282469203459377
-1.4481163154208716,-1.1978752000817239,-0.4208019720716577,-0.8772364254081666,-0.77991383432275,-1.4973813083238487,-0.42902418882488247,-0.8319128484144607,-0.8282158562198693,-0.4186318762693023,-0.7461085352902254,-0.6625087112882481,-0.785847916002865,-0.827637828598344,-0.8162447923896762,-0.7117817421487694,-0.6478157453924248
0.7868727634068675,0.8195354234767,0.14189833941951238,0.5811429499339535,0.7022804688380981,1.8933486817181222,-0.21757655290404757,0.03901384392564376,0.0354443646495297,0.13733560697115252,0.00853227350888078,0.08718274355070303,0.14658587484507082,0.03908498624771652,-0.782880653527731,0.024176402830228046,0.75663630956507
0.30645455020090495,-0.20050365585059293,0.2544384017177464,-0.5619111550639244,0.4292446761505735,-0.9096547767165738,2.1083474422251367,1.821835767516143,1.7726729542376898,2.657721530994548,2.0990478757566176,2.112944759817656,1.4394562571132172,0.3433223824793949,-0.5826958203560596,-0.7117817421487694,0.9051246325561708
1.2394406454124844,1.3182211955922654,0.8171387132089165,0.9358838790712259,0.7802906953202481,-0.14108931230706034,0.4167663548584572,0.881400655227119,1.013048285786593,0.5821095935635164,0.9141012440678081,0.792211728739674,0.26411954596035686,-0.7957990313182847,0.13796957906195703,-0.7117817421487694,1.7094363820912999
-0.05559975540358862,-0.17783612075443087,0.7045986509106824,-0.2860015435127125,1.2873571674542224,-1.000074243117693,-0.21757655290404757,-0.742610640003266,-0.7638128951990154,-0.4556963751519993,-0.8039108100067526,-0.5636132427775778,-0.7349166585195743,-0.46326048194877567,-0.7762078257553419,-0.858973371144569,-0.23328584370893515
-1.1765755862175014,-1.1752076649855618,-0.30826190977342366,-1.1137303781663483,-1.0529496270102747,-0.3219282451092988,-0.6404718247457174,-0.5653871851666169,-0.5953743817598592,-0.20859971593401938,-0.5951803735304041,-0.4328160102312077,-0.22560408368666823,-0.5304757206511233,-0.7495165146657857,-1.0061650001403686,-0.4188962474478111
0.02098865539736194,0.07150676530335184,1.3798390247000865,0.06873938562455996,0.6632753555970232,-1.1809131759199314,-1.2748147325082222,-0.988421873465008,-0.9586731362364705,-0.5174705399564943,-0.9355715468610647,-0.7837354146239082,-0.9229705323040319,-0.31467942797516535,-0.37583815941199933,0.17136803182602756,-1.0375975932440644
-1.2322762486181926,-1.220542735177886,-1.3211224704575297,-1.1531460369593785,-1.4430007594210241,-1.4069618419227297,-0.6404718247457174,-0.6666577307875593,-0.6994099341781616,-0.8016316980571712,-0.7493197727744768,-0.7996862966417583,-0.7623411817798077,-0.5906156710690131,0.48495662322618727,0.6129429188134261,-0.6911248395981625
1.197665148611966,0.6608626778035656,2.1676194607877246,1.4482874433806197,1.638403186623897,0.8987345513058108,2.1083474422251367,2.2936644459773516,2.1277149188398328,3.0777858516651135,2.5421986485833266,2.757360393338797,1.8625774731282467,-1.0328211888476155,-0.8429361034792323,-1.3005482581319674,1.0907350362950468
-1.48989181222139,-1.288545340466372,-0.7584221589663598,-1.074314719373318,-1.1699649667334995,-0.9548645099171335,-0.8519194606665523,-0.9433104485974974,-0.9471136304122147,-0.7151478673308782,-0.9387827843453163,-0.8762505303274384,-0.8328613844489793,-0.49509927922883507,-0.8229176201620652,-0.5645901131529699,-1.0747196739918397
0.7520598494064354,0.7288652830920518,0.9296787755071505,0.42348031476183245,1.3263622806952975,0.13016908689629733,-0.6404718247457174,-0.8047539293615716,-0.8067482025462512,-0.5421802058782923,-0.8039108100067526,-0.6752694169025281,-0.6800676119991075,-0.6542932656291319,0.7718882174389161,2.0848592087714213,-1.0004755124962892
-0.7100825386117116,-0.6538543577738343,-0.9835022835628278,-0.5619111550639244,-0.8579240608048999,-0.7288158439143353,2.1083474422251367,2.6163492299786273,2.4844082414168693,0.4214967650718294,1.9288522890912871,1.8960127643748956,1.7176192787527274,-0.4915616350866062,0.6451044897635243,0.17136803182602756,-0.4683923551115114
0.6893966042056577,0.479522397034269,1.6049191492965547,0.502311632347893,1.716413413106047,0.44663721930021466,1.4740045344626318,1.2814193104298415,1.161670503527025,1.916431553340608,1.1645777678394262,1.5961361824393152,1.1612932354737069,-0.6118415359223861,0.598394695356801,0.46575128981762653,0.8432544979765455
0.6545836902052257,0.27551458116881045,1.9425393361912566,0.8570525614851654,1.2873571674542224,2.2098168141220396,2.3197950781459715,2.3926333882887274,2.0699173897185537,3.4731405064138814,2.651380723047878,2.671225630442407,4.420893714404306,1.8255952780732696,-0.12227070406121567,-1.0061650001403686,0.06369080227326639
0.8077605118071267,0.6155276076112414,1.6049191492965547,1.1723778318294076,1.7554185263471218,2.4810752133253975,1.6854521703834668,1.8862806601840154,1.8023973977857761,2.7812698606035378,2.3527356370124872,2.0236198205176956,2.8890382008684115,-0.0422808290235463,-0.7762078257553419,-0.5645901131529699,1.049487454973502
0.07668931779805326,0.20751197588032425,-0.6458820966681257,0.02932372683152969,-0.23384224894770064,-1.3165423755216104,0.4167663548584572,0.5007154678247583,0.5820438543393405,-0.4186318762693023,0.358557159292296,-0.04361448899566715,-0.5468627847351166,-0.24038890098836013,1.065492639424034,-0.12301522616557145,0.8432544979765455
-0.431579226608255,-0.2911737962352412,-0.8709622212645938,-0.04950759075453086,-0.8969291740459748,-0.14108931230706034,-0.6404718247457174,-0.6008318761339467,-0.5623472222619854,-0.6163092036436862,-0.49242077403435563,-0.6529381820775381,-0.5272738395492357,-0.2333136127039025,-0.796226309072509,-0.858973371144569,-0.7406209472618628
-0.17396366300505767,-0.1551685856582688,0.3669784640159804,0.10815504441759023,-0.1948371357066257,-0.14108931230706034,-0.21757655290404757,-0.17917814982129573,-0.22877291133346042,0.17440010585384952,-0.20662063793597074,-0.12974925189205727,-0.2569463959840778,-0.3889699549619705,-0.782880653527731,-0.7117817421487694,-0.4560183281955863
-0.515130220209292,-0.3138413313314033,-0.8709622212645938,-0.7589894490290758,-0.8969291740459748,-0.8644450435160141,-0.6404718247457174,-0.6901340845451414,-0.6663827746802878,-0.6780833684481812,-0.7268411103847162,-0.6593185348846781,-0.7701767598541601,-0.6649061980558183,0.5783762120396339,0.024176402830228046,-0.5797585973548369
-1.0999871754165507,-0.9031972438316169,-0.5333420343698917,-0.2860015435127125,-0.6628984945995251,0.03974962049517811,1.6854521703834668,1.7251684285143345,1.5976290088989586,1.0886577449603752,2.1504276755046416,0.9357696669003243,2.2269318535856333,-0.8524013375939458,-0.482603403770224,-0.12301522616557145,-0.1466676552974597
1.838222766219916,2.90494865232361,2.1676194607877246,2.394263254413346,2.379500338204321,0.49184695250077426,-0.42902418882488247,-0.1566224373875404,0.07177424009719084,0.3350129343455365,-0.0011014389438737673,0.2754031513613333,-0.3157132315417208,3.8385147950014673,-0.175653326240328,-0.41739848415717046,3.627410554059685
1.5597194542164594,1.4542264061692378,2.1676194607877246,1.2906248082084986,2.4965156779275457,0.6274761521024531,1.4740045344626318,1.9166618238702982,2.1970719537853673,2.237657210323982,2.0187669386503297,2.4830052226317765,0.9536504165033681,-0.04935611730800394,-0.782880653527731,0.024176402830228046,1.317593021355467
-0.9259226054143904,-0.6311868226776722,0.47951852631421443,-0.48307983747786387,-0.2728473621887756,0.22058855329741658,-1.0633670965873874,-0.9828980255220475,-0.9586731362364705,-0.5051157069955953,-0.9259378344083102,-0.7805452382203382,-0.7388344475567505,-0.5092498557977503,-0.8162447923896762,-1.0061650001403686,-0.9881014855803641
0.31341713300099133,0.09417430039951391,0.14189833941951238,0.42348031476183245,0.19521399670412382,0.2657982864979762,-0.6404718247457174,-0.5584823752379163,-0.6531719108811382,-0.4680512081128983,-0.6080253234674102,-0.611465888831128,-0.5076848943633546,-0.16256072985932613,1.7527938999801054,1.3489010637924235,-0.08479752071783439
-0.6891947902114524,-0.6085192875815101,0.14189833941951238,-0.6801581314430153,-0.23384224894770064,-1.1809131759199314,-0.42902418882488247,-0.5092280644131852,-0.47647660756751364,-0.4680512081128983,-0.6208702734044163,-0.4966195383026078,-0.6879031900734599,0.8527431389603447,-0.5760229925836706,-0.7117817421487694,-0.19245155488638244
0.43178104060246036,0.2981821162649725,1.7174592115947886,0.7782212438991049,1.5993980733828221,1.350831883311407,-0.6404718247457174,-0.34673487075776405,-0.3674869812245302,0.5203354287590214,-0.18414197554621015,0.09037291995427305,0.060394516027194416,-0.2333136127039025,-0.7762078257553419,-0.41739848415717046,1.758932489755
0.6824340214055713,0.6381951427074035,1.4923790869983207,0.7782212438991049,1.716413413106047,0.8535248181052512,-0.8519194606665523,-0.9074054369682542,-0.8744538795168925,-0.4680512081128983,-0.8424456598177708,-0.6529381820775381,-0.707492135259341,-0.47741105851769094,-0.796226309072509,-0.12301522616557145,-0.9014832971688886
0.014026072597275525,0.11684183549567598,1.7174592115947886,1.6059500785527407,0.7412855820791732,1.1699929505091684,-0.8519194606665523,-0.8526272782005625,-0.8414267200190187,-0.25801904777761536,-0.6208702734044163,-0.624226594445408,-0.5977940422184073,-0.06350669387691922,-0.8295904479344542,-0.27020685516137094,-0.5178884627752116
0.07668931779805326,0.0035041600148656487,0.3669784640159804,0.5417272911409232,-0.1948371357066257,-0.2767185119087392,-0.006128916983212634,-0.1994322589454842,-0.246937849057291,-0.3445028785039083,-0.046058763723394985,-0.44876689224905775,0.025134414692608614,0.00017090068319951715,-0.8028991368448981,-0.858973371144569,-0.04767543997005919
-1.2531639970184518,-1.3792154808510204,-1.0960423458610618,-0.6013268138569547,-1.1309598534924246,-1.0904937095188123,0.2053187189376223,-0.5584823752379163,-0.5904203078351781,-0.7275027002917772,-0.5887578985619011,-0.614656065234698,-0.5703695189581739,-0.671981486340276,0.03787716247612138,0.17136803182602756,-0.33227805903633567
1.5875697854168052,1.9982472484771274,2.1676194607877246,1.7636127137248618,2.1844747719989464,-0.05066984590594111,-0.42902418882488247,-0.1998925796073976,-0.13794822271430757,0.32265810138463746,-0.16808578812495256,0.013808686268592931,-0.5272738395492357,-0.08119491458806331,-0.7294980313486186,0.17136803182602756,1.6475662475116746
0.1950532253995223,0.41151979174578285,0.47951852631421443,0.5417272911409232,0.819295808561323,1.7125097489158838,1.4740045344626318,1.8927251494508026,2.3143183700028196,1.76817355780982,2.320623262169972,2.3458276372782665,1.7372082239386084,-0.6896697070514201,0.6117403509015791,1.0545178058008247,2.451877997046804
0.5362197826037566,0.3435171864572966,1.3798390247000865,0.9752995378642563,2.0674594322757214,0.8987345513058108,1.262556898541797,1.6110089043598175,1.5728586392755535,2.534173201385558,1.598094828213381,2.183128640696196,1.6784413883809655,2.0413915707492274,-0.42922078159111166,-0.12301522616557145,3.5050833987742327
1.1210767378110154,0.9555406340536724,2.1676194607877246,1.369456125794559,1.9114389793114217,0.98915401770693,-0.8519194606665523,-0.7264994168362979,-0.7159235139270984,-0.15918038409042337,-0.6465601732784284,-0.45195706865262775,-0.6134651983671121,3.3998469213650937,-0.10225222074404854,0.3185596608218271,-0.7282469203459377
1.2742535594129165,1.3862238008807517,2.505239647682427,1.369456125794559,2.1844747719989464,0.44663721930021466,-0.21757655290404757,0.1375224655751059,0.05691201832314764,0.5079805957981224,0.03743341086714442,0.2754031513613333,-0.10807041257138221,-0.6153791800646149,1.3857883724987081,1.790475950779822,0.9669947671357961
0.41089329220220117,0.18484444078416218,0.029358277121278368,0.2658176795897113,0.07819865698089895,-0.5479769111120969,-0.6404718247457174,-0.8148809839236658,-0.8364726460943377,-0.6410188695654843,-0.7942770975539981,-0.7486434741846382,-0.7897657050400411,-0.22623832441944486,1.672719966711437,2.52643409575882,-0.8767352433370386
-0.9050348570141312,-0.7445244981584825,0.2544384017177464,-0.4436641786848336,-0.1948371357066257,-0.7288158439143353,1.8968998063043017,1.9686780586665096,2.008817144647487,2.38591520585477,1.8164589771424842,2.4000606361389565,1.1534576573993545,-0.5234004323666656,-0.8028991368448981,-0.5645901131529699,0.4720336904987935
-0.034712007003329375,-0.3591764015237274,-0.8709622212645938,-0.5619111550639244,-0.6238933813584502,1.0795734841080493,0.4167663548584572,0.46481045619551514,0.2847994188584766,-0.0850513863250294,0.25579755979624746,0.16055680083281315,0.6206383483433912,-0.035205540739088666,2.406731021674232,1.496092692788223,0.06369080227326639
-0.5986812138103289,-0.563184217389186,-0.9835022835628278,-1.0348990605802877,-0.31185247542985056,-1.000074243117693,0.2053187189376223,-0.19482905232635045,-0.20730525765984248,-0.6163092036436862,-0.4281960243493253,-0.3403008945276776,-0.6213007764414645,-0.710895571904793,0.3915370344127407,0.46575128981762653,-0.36321312632614833
-0.29929015340661314,-0.3138413313314033,1.0422188378053845,-0.2860015435127125,-0.23384224894770064,0.8083150849046916,1.6854521703834668,2.0358848753058623,2.1112013390908957,2.039979882949598,2.314200787201469,2.042760878939116,2.6226285463404295,-0.5481639413622673,-0.8095719646172871,0.024176402830228046,0.5545263783364995
-0.41069147820799573,-0.7445244981584825,0.47951852631421443,-0.798405107822106,0.11720377022197391,-0.05066984590594111,2.7426903499876416,2.832239620416,2.4414729340696333,3.9302693259671444,2.6417470105951235,3.0380959168529573,3.155447855396393,-0.7391967250426236,0.3181359289164612,1.0545178058008247,-0.765369001093713
0.8773863398079909,0.6608626778035656,-0.7584221589663598,1.4482874433806197,0.23421910994519876,1.215202683709728,-0.42902418882488247,-0.5037042164702247,-0.5359254946636864,-0.6657285354872823,-0.32864766233752835,-0.601895359620418,-0.20993292753796342,0.6015704048620987,-0.782880653527731,-0.27020685516137094,-0.27040792445671036
0.6754714386054849,0.3661847215534587,-1.0960423458610618,-0.5619111550639244,-0.31185247542985056,-0.3219282451092988,0.8396616267001271,1.380388252741217,1.4605662969827826,-0.27037388073851437,1.1356766304811627,0.6518439669825938,0.01729883661825621,-0.3005288514062501,1.5459362390360452,1.6432843217840225,0.5648388923682315
-0.9119974398142175,-0.7218569630623205,0.14189833941951238,-0.7589894490290758,-0.0388166827423259,-0.5931866443126564,-0.42902418882488247,-0.4208464973258173,-0.3972114247726166,0.08791627512755655,-0.4442522117705829,-0.11060819347063724,-0.44500026976853546,1.337400386445693,-0.4625849204530569,-0.5645901131529699,-0.02292738613820906
-0.22966432540574896,0.2301795109764863,-0.7584221589663598,-0.08892324954756113,-0.0388166827423259,-0.5027671779115372,0.2053187189376223,0.2553645550249298,0.340945590004862,0.32265810138463746,0.3039661220600202,0.3328263266255934,-0.045385787976563,-0.1943995271393855,-0.7895534813001199,-1.1533566291361679,0.22455315218029223
1.0932264066106698,1.3408887306884276,1.0422188378053845,0.6205586087269838,1.4043725071774473,-0.18629904550761997,-0.006128916983212634,0.5481284960018359,0.6332359515610448,0.9156900835077892,0.45810552130409293,0.8751563152324942,0.04472335987848962,0.010783833109885973,-0.7428436868933966,-0.5645901131529699,1.0907350362950468
-1.3436775734195752,-1.26587780537021,-0.19572184747518967,-1.0348990605802877,-0.5068780416352253,-0.5027671779115372,-0.42902418882488247,-0.6344352844536231,-0.6515205529062446,-0.31979321258211035,-0.6561938857311829,-0.5125704203204579,-0.48417816014029746,-0.8559389817361746,0.06456847356567755,1.6432843217840225,-0.5240754762331742
-0.9398477710145633,-0.9031972438316169,-0.5333420343698917,-1.3502243309245299,-0.5848882681173753,-1.0904937095188123,2.3197950781459715,2.127949007688537,2.2911993583543078,1.533431731552739,1.8806837268275145,2.4670543406139265,1.5334831940054459,-1.0328211888476155,-0.8429361034792323,-1.3005482581319674,-0.4560183281955863
-1.5873679714225999,-1.583223296716479,-0.8709622212645938,-1.3108086721314995,-1.599021212385324,-1.0904937095188123,-0.8519194606665523,-0.9387072419783635,-0.9388568405377463,-0.7275027002917772,-0.9355715468610647,-0.8858210595381484,-0.8015190721515697,-0.6896697070514201,-0.8295904479344542,-1.0061650001403686,-1.0375975932440644
1.2255154798123116,1.3635562657845897,3.1804800214718307,2.0001066664830436,2.1844747719989464,1.215202683709728,-0.21757655290404757,-0.10966972987237618,-0.09831563131685904,0.7674320879770014,0.06954578570965957,0.1956487412720832,-0.053221366050915396,0.26903185549258973,-0.7094795480314514,-0.858973371144569,1.8022415839607377
0.17416547699926305,-0.1551685856582688,-1.0960423458610618,0.3446489971757719,-0.77991383432275,1.3056221501108474,-1.0633670965873874,-0.9773741775790871,-0.9751867159854075,-0.7892768650962722,-0.9066704095028011,-0.9017719415559984,-0.707492135259341,-0.05643140559246158,-0.796226309072509,0.024176402830228046,-1.0128495394122143
1.3021038906132623,0.7742003532843759,2.3926995853841926,1.1329621730363775,2.5355207911686204,1.0343637509074897,-1.0633670965873874,-0.8595320881292632,-0.8595916577428493,-0.3445028785039083,-0.7974883350382496,-0.589134654006138,-0.7153277133336933,0.09568729252337761,-0.8162447923896762,0.7601345478092255,-0.8519871895051884
1.7407466070187063,2.0435823186694515,1.9425393361912566,2.0395223252760735,2.6915412441329205,-0.45755744471097765,-0.6404718247457174,-0.513831271032319,-0.47812796554240733,-0.10976105224682739,-0.4474634492548344,-0.29563842487769754,-0.7192455023708695,-0.18024895057047022,-0.7895534813001199,-0.41739848415717046,-0.6416287319344623
-1.2601265798185384,-1.243210270274048,-0.30826190977342366,-0.8772364254081666,-1.1309598534924246,0.13016908689629733,1.051109262620962,0.8477972469074426,0.8578206361465864,1.582851063396335,1.132465392996911,1.2452167780466148,1.4629629913362743,1.1711311117609384,-0.6093871314456158,-0.858973371144569,1.9569169204098011
0.45963137180280605,0.5248574672265932,-0.19572184747518967,-0.3254172023057428,0.7802906953202481,0.5822664189018935,2.1083474422251367,2.259600716995762,2.4001889846972913,1.0763029119994763,2.0251894136188326,2.288404462014006,2.3601366808496245,-0.1943995271393855,-0.8095719646172871,-0.7117817421487694,0.6535185936639
-1.7614325414247602,-1.605890831812641,-0.4208019720716577,-1.507886966096651,-0.8189189475638249,-0.9096547767165738,1.4740045344626318,-0.20035290026931096,-0.24858920703218468,-0.1221158852077264,-0.14560712573519197,-0.1488903103134773,0.18184597617965664,-0.9160789321540644,-0.8229176201620652,-1.3005482581319674,-0.5797585973548369
1.2951413078131757,1.6582342220346964,-0.19572184747518967,0.9358838790712259,0.858300921802398,-0.45755744471097765,-0.42902418882488247,-0.037399385951976394,0.0354443646495297,-0.4804060410737973,-0.06211495114465256,0.036139921093582966,-0.36664448902501146,-0.2156253919927584,1.65270148339427,1.3489010637924235,0.6576440942376695
0.5849578622043615,0.5928600725150793,-0.5333420343698917,0.06873938562455996,-0.5458831548763002,-0.7288158439143353,0.8396616267001271,0.6019860134457007,0.6150710138372143,-0.31979321258211035,0.3232335469655293,0.16693715363995315,-0.041467998939386796,0.04262263038994534,1.4725351335397656,0.17136803182602756,0.8432544979765455
-1.4133034014204395,-0.9031972438316169,0.14189833941951238,-0.9560677429942271,-0.0388166827423259,-0.6383963775132161,1.6854521703834668,0.679780205309061,0.7207579242304103,0.38443226618913245,0.6250898704851717,0.4700039119791036,1.1730466025852355,-1.0328211888476155,-0.8429361034792323,-1.3005482581319674,-0.3570261128681858
-1.8240957866255378,-1.560555761620317,-0.8709622212645938,-1.1925616957524088,-1.2089700799745744,-1.0452839763182527,-1.0633670965873874,-1.0473429181899199,-1.0329842451066866,-0.7027930343699792,-0.9773176341563344,-0.8794407067310084,-0.8485325405976841,-0.9337671528652085,-0.4692577482254459,-1.0061650001403686,-1.0252235663281393
-0.9398477710145633,-0.540516682293024,-0.8709622212645938,-0.9166520842011969,-0.5458831548763002,0.13016908689629733,-1.2748147325082222,-1.0519461248090536,-1.0032598015586003,-0.7645671991744742,-1.0158524839673526,-0.8826308831345784,-0.8093546502259221,-0.671981486340276,-0.8162447923896762,-1.0061650001403686,-0.9881014855803641
0.8634611742078181,0.8422029585728621,1.2672989624018525,0.06873938562455996,1.4043725071774473,0.22058855329741658,0.6282139907792922,0.0832046274693277,0.06021473427293502,0.38443226618913245,-0.15202960070369498,0.11589433118283307,-0.30395986443019224,-0.7073579277625641,0.8719806340247518,1.6432843217840225,-0.5735715838968745
-0.0973752522041071,-0.17783612075443087,-0.9835022835628278,-0.010091931961500584,-0.7019036078406,-0.3671379783098584,-0.42902418882488247,-0.871500425339011,-0.8694998055922114,-0.7645671991744742,-0.8360231848492677,-0.8507291190988783,-0.7740945488913363,-0.2863782748373348,-0.782880653527731,-0.858973371144569,-1.0623456470759145
-0.7240077042118844,-0.3591764015237274,-0.7584221589663598,-0.7589894490290758,-0.77991383432275,-0.7288158439143353,1.262556898541797,0.9458455478949914,1.0510295192091479,-0.10976105224682739,0.8562989693512808,0.6614144961933038,0.7225008633099723,-0.46326048194877567,-0.8229176201620652,-0.858973371144569,0.22455315218029223
1.4135052154146448,1.2048835201114552,1.7174592115947886,1.0541308554503168,2.145469658757871,-0.45755744471097765,-0.8519194606665523,-0.5184344776514527,-0.522714630864537,-0.010922388559635426,-0.5405893362981283,-0.2796875428598475,-0.6643964558504027,-0.6436803332024454,1.212294850416593,0.907326176805025,-0.765369001093713
1.1558896518114474,1.4542264061692378,-0.5333420343698917,0.42348031476183245,1.0143213747666977,0.7178956185035723,-0.21757655290404757,0.2254437120005604,0.30791843050698825,-0.4186318762693023,0.053489598288401996,0.07123186153285302,-0.1315771467944394,-0.0422808290235463,2.353348399495119,-0.5645901131529699,0.36561705902183794
-1.7266196274243282,-1.605890831812641,-1.0960423458610618,-1.7049652600618024,-1.6770314388674739,-1.1809131759199314,-0.8519194606665523,-1.0896924190859505,-1.072616836504135,-0.7892768650962722,-1.0640210462311253,-0.9719558224345385,-0.9151349542296795,0.14167666637235227,-0.7161523758038405,-1.0061650001403686,-1.0747196739918397
-1.086062009816378,-0.9938673842162652,-0.7584221589663598,-0.9954834017872575,-1.0139445137691996,-0.45755744471097765,1.4740045344626318,0.6199385192603223,0.47140287002146336,-0.4062770433084033,0.5415976958946324,0.029759568286442953,0.5109402553024575,-0.7250461484737083,0.26475330673734887,0.7601345478092255,-0.6416287319344623
-0.6822322074113659,-0.7671920332546446,0.14189833941951238,-0.8378207666151364,0.3122293364273487,-0.774025577114895,-0.8519194606665523,-0.8899132518155459,-0.8959215331905105,-0.5174705399564943,-0.9034591720185496,-0.7039810045346581,-0.7701767598541601,0.7289255939823361,-0.5826958203560596,0.6129429188134261,-0.8767352433370386
1.2394406454124844,1.0688783095344827,0.47951852631421443,1.3300404670015287,1.0143213747666977,-0.7288158439143353,-0.6404718247457174,-0.2500675317559554,-0.25189192298197205,-0.17153521705132238,-0.12633970082968288,-0.2828777192634175,-0.6291363545158168,-0.006904387601258119,2.0931081163719467,2.3792424667630203,0.32354536750769275
-0.06256233820367503,-0.4045114717160515,-0.08318178517695565,-0.08892324954756113,-0.1168269092244758,-1.0904937095188123,-0.21757655290404757,-0.5566410925902627,-0.6085852455590087,-0.4433415421911003,-0.5181106739083677,-0.573183771988288,-0.7388344475567505,-0.24746418927281777,-0.8095719646172871,-0.5645901131529699,-0.5178884627752116
-0.6822322074113659,-0.8351946385431308,-0.7584221589663598,-1.3108086721314995,-0.5848882681173753,-1.1809131759199314,-0.6404718247457174,-0.9727709709599532,-0.9669299261109391,-0.7398575332526762,-0.999796296546095,-0.8571094719060183,-0.8759570638579175,-0.22977596856167368,-0.7428436868933966,-0.858973371144569,-0.9881014855803641
0.11150223179848533,-0.4271790068122136,0.029358277121278368,-0.6013268138569547,-0.38986270191200045,0.6726858853030128,1.262556898541797,1.3932772312747914,1.161670503527025,0.21146460473654652,0.7342719449497233,0.8432545511967942,1.537400983042622,1.394002692721354,-0.5359860259493363,-0.7117817421487694,0.7813843633969202
0.27860421900055926,-0.20050365585059293,-0.9835022835628278,-0.4042485198918033,-0.35085758867092554,0.8535248181052512,-0.8519194606665523,-0.7435312813270928,-0.7852805488726333,-0.7398575332526762,-0.8135445224595071,-0.7741648854131982,-0.6291363545158168,-0.15194779743263967,2.119799427461503,1.0545178058008247,-0.777743028009638
-1.5943305542226862,-1.4245505510433445,-0.7584221589663598,-1.4290556485105905,-0.9359342872870497,-1.0904937095188123,0.8396616267001271,0.35157157336482503,0.3244320102559251,0.10027110808845555,0.22368518495373232,0.21478979969350323,0.20535271040271386,-0.8594766258784033,-0.8295904479344542,-1.3005482581319674,-0.1466676552974597
-1.6152183026229454,-1.1752076649855618,-0.6458820966681257,-0.8772364254081666,-1.1309598534924246,-0.9096547767165738,-1.2748147325082222,-1.096597229014651,-1.0494978248556235,-0.7398575332526762,-1.0126412464831012,-0.9304835291881284,-0.8994637980809748,-0.7215085043314794,-0.8429361034792323,-0.858973371144569,-1.046259412085212
0.1950532253995223,0.18484444078416218,1.8299992738930226,1.0935465142433471,1.3263622806952975,1.1699929505091684,0.2053187189376223,0.07353789356914685,0.09324189377080878,0.7427224220552033,0.26864250973325354,0.3360165030291634,0.22494165558859486,-0.36066880182413996,-0.8295904479344542,-1.0061650001403686,1.9569169204098011
0.9609373334090279,1.3862238008807517,0.14189833941951238,1.4877031021736498,1.2093469409720725,2.3454460137237185,1.262556898541797,1.6234375622314787,1.893222086404929,0.7674320879770014,1.989865801292066,1.8673011767427656,2.606957390191725,3.2088141376847377,0.1513152346067351,-0.5645901131529699,3.1943196120023076
-0.9050348570141312,-0.8125271034469688,-0.8709622212645938,-0.8772364254081666,-0.8969291740459748,-0.9096547767165738,0.6282139907792922,0.6240814052175427,0.6084655819376396,0.2361742706583445,0.4998516085993626,0.4508628535576836,0.12307914062201362,-0.5198627882244368,-0.8095719646172871,-0.27020685516137094,0.5648388923682315
1.0236005786098057,1.159548449919131,1.6049191492965547,1.2906248082084986,1.716413413106047,1.0795734841080493,-0.6404718247457174,-0.3564016046579449,-0.3691383391994239,-0.010922388559635426,-0.37360498711704954,-0.17441172154203735,-0.37839785613654003,0.14167666637235227,-0.782880653527731,-0.12301522616557145,0.2864232867599176
0.62673335900488,0.5928600725150793,-0.7584221589663598,0.22640202079668106,-0.15583202246555075,1.8481389485175628,0.6282139907792922,0.39576235690850897,0.4565406482474202,-0.5668898718000902,0.18836157262696565,-0.03723413618852714,0.6363095044920959,-0.8028743196027422,0.8786534617971409,-0.12301522616557145,0.5339038250784188
0.4944442858032381,0.38885225664962075,0.9296787755071505,0.3840646559688022,0.5072549026327234,1.124783217308609,-0.006128916983212634,0.20380864089063183,0.24846954341081548,0.6191740924462134,0.27827622218600806,0.4572432063648236,0.4913513101165765,3.32201875023606,-0.3091098816881089,-0.27020685516137094,1.6681888007697554
0.12542739739865816,0.38885225664962075,-0.4208019720716577,0.8176369026921352,-0.2728473621887756,0.7178956185035723,-1.0633670965873874,-0.8728813873247511,-0.8364726460943377,-0.7027930343699792,-0.7461085352902254,-0.7996862966417583,-0.6408897216273455,-0.03166789659685985,-0.7895534813001199,-0.858973371144569,-0.7591819876357504
0.543182365403843,0.7061977479958896,-0.08318178517695565,0.8176369026921352,-0.1948371357066257,-0.23150877870817957,1.6854521703834668,0.7953206914493179,0.902407301468716,0.2238194376974455,0.8530877318670294,0.3679182670648634,0.3463931157410571,-0.18732423885492785,-0.7895534813001199,-1.0061650001403686,0.038942748441416264
-1.48989181222139,-1.311212875562534,-0.30826190977342366,-1.1925616957524088,-0.9359342872870497,-0.9548645099171335,-0.21757655290404757,-0.8093571359807054,-0.829867214194763,-0.4433415421911003,-0.7589534852272314,-0.624226594445408,-0.6448075106645217,-0.20147481542384313,-0.6961338924866733,-0.5645901131529699,-0.6045066511866871
1.2255154798123116,0.8875380287651862,1.0422188378053845,1.2906248082084986,1.3263622806952975,0.98915401770693,-0.006128916983212634,0.4579056462668145,0.3871836133018853,0.44620643099362745,0.5255415084733748,0.4987154996112336,0.3894887951499953,0.27964478791927616,-0.8028991368448981,-0.41739848415717046,0.6885791615274821
0.35519262980150984,0.41151979174578285,1.8299992738930226,0.42348031476183245,1.638403186623897,0.44663721930021466,1.262556898541797,1.5032938694720879,1.4176309896355468,1.780528390770719,1.2544924173984688,1.6758905925285654,0.7851854879047916,-1.0328211888476155,-0.8429361034792323,-1.3005482581319674,0.19361808489047957
-0.5220928030093784,-0.4045114717160515,0.7045986509106824,-0.5619111550639244,0.3122293364273487,-0.9548645099171335,-0.8519194606665523,-0.8659765773960504,-0.8397753620441251,-0.36921254442570633,-0.8392344223335193,-0.6465578292703981,-0.7897657050400411,-1.0328211888476155,-0.8429361034792323,-1.3005482581319674,-0.9014832971688886
1.1907025658118795,1.0688783095344827,0.9296787755071505,1.52711876096668,0.819295808561323,0.9439442845063704,0.6282139907792922,0.9854331248195416,1.034515939460211,0.3350129343455365,1.2031126176504445,0.6614144961933038,1.2709913285146406,-0.05643140559246158,1.966324388696555,0.3185596608218271,-0.22091181679301009
-1.371527904619921,-1.26587780537021,-1.0960423458610618,-1.1531460369593785,-1.0529496270102747,-0.41234771151041805,-1.2748147325082222,-1.0804860058476828,-1.0561032567551982,-0.7892768650962722,-1.0351199088728618,-0.9241031763809884,-0.8563681186720365,0.08861200423891998,-0.6027143036732268,-1.1533566291361679,-1.0747196739918397
0.5292571998036701,0.479522397034269,0.8171387132089165,0.8176369026921352,0.11720377022197391,-0.3671379783098584,-0.006128916983212634,-0.2357975912366408,-0.23868105918282254,-0.04798688744233241,-0.15845207567219802,-0.16484119233132732,-0.38623343421089246,0.06384849524331825,-0.782880653527731,0.024176402830228046,0.6700181211535946
-1.4202659842205259,-1.220542735177886,0.029358277121278368,-1.3502243309245299,-0.6238933813584502,-1.0452839763182527,-1.0633670965873874,-1.0804860058476828,-1.0494978248556235,-0.6657285354872823,-1.0447536213256163,-0.8858210595381484,-0.9112171651925033,-0.321754716259623,-0.8028991368448981,-0.858973371144569,-1.0375975932440644
-0.04167458980341579,-0.38184393661988947,-0.4208019720716577,-0.36483286109877305,-0.8579240608048999,-0.5479769111120969,-1.0633670965873874,-0.733864547426912,-0.7654642531739091,-0.6410188695654843,-0.7332635853532192,-0.7837354146239082,-0.7192455023708695,-0.4243463963842587,1.2723503003680943,2.3792424667630203,-0.8891092702529636
0.5362197826037566,0.8648704936690241,0.2544384017177464,0.30523333838274164,1.0143213747666977,0.3110080196985358,1.262556898541797,0.38517498168450137,0.5060813874942308,0.5821095935635164,0.3071773595442717,0.5625190276826337,0.19359934329118525,-1.0328211888476155,-0.8429361034792323,-1.3005482581319674,0.4720336904987935
0.2020158081996087,0.479522397034269,0.7045986509106824,0.4628959735548627,0.9753162615256228,-0.41234771151041805,-0.21757655290404757,-0.5281012115516336,-0.48803611339176944,-0.23330938185581737,-0.4474634492548344,-0.3562517765455276,-0.4528358478428879,-0.20855010370830077,-0.796226309072509,-0.27020685516137094,0.10081288302104159
-0.8702219430136992,-1.0165349193124273,-0.4208019720716577,-1.0348990605802877,-0.6238933813584502,-0.6836061107137757,0.4167663548584572,0.11588739446517729,0.007371279076337,-0.13447071816862538,-0.1102835134084253,0.03294974469001296,-0.24519302887254923,-0.11657135601035148,-0.6427512703075611,0.17136803182602756,0.3482934213395429
-1.4202659842205259,-1.26587780537021,-0.9835022835628278,-1.231977354545439,-1.482005872662099,-1.36175210872217,-1.2748147325082222,-1.0837082504810764,-1.0561032567551982,-0.7769220321353731,-1.0415423838413647,-0.9591951168202585,-0.9386416884527368,-0.671981486340276,-0.8028991368448981,-0.858973371144569,-1.0920433116741346
-0.5777934654100697,-0.7445244981584825,0.8171387132089165,-0.36483286109877305,0.039193543739824005,-0.6836061107137757,-0.21757655290404757,-0.2924170326519858,-0.29317587235431425,0.2979484354628395,-0.32864766233752835,-0.0850867822420772,-0.3548911219134828,-0.5057122116555215,-0.7895534813001199,-0.41739848415717046,0.39778952900324316
0.6336959418049664,0.2301795109764863,1.8299992738930226,0.5811429499339535,0.7412855820791732,0.5370566857013339,-0.8519194606665523,-0.6804673506449606,-0.7175748719019921,-0.1468255511295244,-0.6401376983099253,-0.47109812707404775,-0.5390272066607643,-0.6684438421980472,1.045474156106867,1.496092692788223,-0.8272391356733383
-1.406340818620353,-1.5152206914279926,-0.19572184747518967,-1.1925616957524088,-0.6628984945995251,-0.14108931230706034,-0.8519194606665523,-0.9506755791881113,-0.9537190623117895,-0.6410188695654843,-0.9323603093768132,-0.8283978842738883,-0.6800676119991075,0.6051080490043275,-0.6294056147627829,-0.12301522616557145,-0.963353431748514
1.1350019034111882,1.2955536604961033,-0.4208019720716577,1.2906248082084986,-0.1168269092244758,0.6726858853030128,-0.6404718247457174,-0.801531684728178,-0.7621615372241217,-0.5792447047609892,-0.6979399730264526,-0.7390729449739282,-0.6761498229619313,0.11691315737675052,-0.7628621702105638,-0.12301522616557145,-0.7406209472618628
-0.8702219430136992,-0.7671920332546446,-0.5333420343698917,-0.8772364254081666,-0.5848882681173753,-1.226122909120491,-0.6404718247457174,-0.42314810063538416,-0.4715225336428326,-0.6163092036436862,-0.48599829906585257,-0.621036418041838,-0.5429449956979405,-0.31467942797516535,-0.8229176201620652,-0.858973371144569,-0.6663767857663124
-0.3062527362066995,-0.38184393661988947,-0.30826190977342366,-0.5224954962708942,-0.38986270191200045,0.3110080196985358,-0.42902418882488247,-0.6008318761339467,-0.6118879615087961,-0.1468255511295244,-0.5405893362981283,-0.4391963630383477,-0.37056227806218767,-0.5057122116555215,-0.8362632757068433,-0.41739848415717046,-0.394148193615961
0.9330870022086822,0.6155276076112414,-1.0960423458610618,0.06873938562455996,-0.1948371357066257,-1.36175210872217,-1.0633670965873874,-0.7021024217548891,-0.6977585762032679,-0.7769220321353731,-0.7075736854792072,-0.7486434741846382,-0.8916282200066223,-0.10949606772589385,2.2198918440473383,1.9376675797756215,-0.8272391356733383
1.1071515722108425,0.9555406340536724,0.7045986509106824,1.921275348896983,-0.1168269092244758,1.0343637509074897,-1.0633670965873874,-0.7297216614696915,-0.734088451650929,-0.36921254442570633,-0.5823354235933981,-0.7135515337453681,-0.5899584641440548,0.11691315737675052,-0.7561893424381748,-0.858973371144569,-0.765369001093713
0.7033217698058305,0.7742003532843759,-1.3211224704575297,0.42348031476183245,0.07819865698089895,1.6673000157153242,0.4167663548584572,1.0015443479865098,0.7851608852512642,-0.6533737025263833,0.7503281323709808,0.18926838846494318,1.0829374547301829,-0.22270068027721604,2.179854877413004,0.907326176805025,3.540792365648209
-0.37587856420756366,-0.6765218928699963,0.3669784640159804,-0.4436641786848336,-0.15583202246555075,0.9439442845063704,-0.006128916983212634,-0.49265652058430376,-0.5524390744126233,-0.06034172040323141,-0.5566455237193859,-0.3594419529490976,-0.30004207539301603,1.3798521161524386,-0.2223631206470513,0.6129429188134261,0.4720336904987935
0.7868727634068675,1.2048835201114552,0.029358277121278368,1.2512091494154682,-0.07782179598340085,1.576880549314205,-0.6404718247457174,-0.46365631888376113,-0.3691383391994239,-0.3445028785039083,-0.33507013730603136,-0.47109812707404775,-0.30395986443019224,-0.14841015329041085,-0.7695349979829529,-1.1533566291361679,0.5957739596580441
-0.6961573730115388,-0.6085192875815101,-0.30826190977342366,-0.5224954962708942,-0.4288678151530754,-0.5479769111120969,1.4740045344626318,1.529071826539237,1.4027687678615035,0.4709160969154254,1.2898160297252355,1.2739283656787448,1.1103619779904164,-0.827637828598344,0.09793261242762277,2.0848592087714213,-0.1466676552974597
0.8843489226080773,0.5701925374189173,2.055079398489491,1.0147151966572865,1.4043725071774473,0.5822664189018935,-1.2748147325082222,-0.9313421113877496,-0.9223432607888095,-0.4433415421911003,-0.8585018472390283,-0.7231220629560782,-0.7701767598541601,-0.47741105851769094,-0.8028991368448981,0.7601345478092255,-0.8346635518228933
0.16720289419917664,0.2981821162649725,-0.30826190977342366,0.22640202079668106,0.11720377022197391,-0.09587957910650073,0.4167663548584572,0.725351950838485,0.8413070563976496,0.1620452728929505,1.0489732184063718,0.24031121092206326,0.4404200526332859,-0.7427343691848524,0.291444617826905,0.907326176805025,1.8579247050824006
-1.2322762486181926,-1.220542735177886,-0.6458820966681257,-0.6013268138569547,-1.2869803064567242,-0.9548645099171335,-0.42902418882488247,-0.6012921967958601,-0.601979813659434,-0.5174705399564943,-0.5887578985619011,-0.605085536023988,-0.5742873079953501,-0.4243463963842587,-0.8362632757068433,-0.7117817421487694,-0.7901170549255631
0.41785587500228755,1.0008757042459966,-0.6458820966681257,0.1869863620036508,-0.15583202246555075,-0.5931866443126564,-0.21757655290404757,-0.2749248474992776,-0.21060797360962985,-0.4556963751519993,-0.3190139498847738,-0.19993313277059738,-0.28828870828148745,1.9600257554779648,-0.2824185705985527,0.024176402830228046,0.175057044516592
-0.7240077042118844,-0.8578621736392928,-1.3211224704575297,-0.9166520842011969,-0.8189189475638249,-0.7288158439143353,-0.42902418882488247,-1.0169617545036371,-1.009865233458175,-0.8139865310180702,-0.9901625840933405,-0.9017719415559984,-0.8837926419322699,-0.6189168242068437,0.9520545672934203,0.46575128981762653,-0.9386053779166639
-0.9885858506151681,-0.7445244981584825,-0.7584221589663598,-0.8378207666151364,-0.8969291740459748,-0.41234771151041805,1.051109262620962,1.0908465563977043,1.0972675425061713,-0.22095454889491836,0.9012562941308021,0.38386914908271347,0.5932138250831577,-0.8134872520294287,-0.24238160396421843,-0.858973371144569,-0.1466676552974597
-1.0930245926164643,-0.9031972438316169,0.14189833941951238,-0.5619111550639244,-0.6238933813584502,0.08495935369573773,1.8968998063043017,2.069027962963625,1.9014788762793973,3.0407213527824166,1.97702085135506,2.5946613967567265,2.8929559899055874,-0.8877777790162339,-0.05554242633732523,-0.12301522616557145,1.338215574613548
0.36911779540168266,-0.041830910177458484,2.3926995853841926,0.7388055851060746,1.3263622806952975,1.350831883311407,-0.8519194606665523,-0.8797861972534516,-0.9107837549645537,-0.27037388073851437,-0.7942770975539981,-0.6561283584811081,-0.5860406751068787,-0.02105496417017339,-0.7895534813001199,-0.12301522616557145,-0.7282469203459377
-0.5986812138103289,-0.9485323140239411,0.14189833941951238,-0.5619111550639244,-0.8969291740459748,0.13016908689629733,2.3197950781459715,0.6378910250749439,0.4053485510257159,0.14969043993205153,0.2846986971545111,0.2084094468863632,0.8400345344252583,1.2984863008811758,-0.489276231542613,-0.27020685516137094,-0.27040792445671036
1.3578045530139535,1.1368809148229688,1.8299992738930226,2.90666681872274,0.858300921802398,2.1193973477209203,0.2053187189376223,0.6940501458283757,0.8066285389248821,0.45856126395452645,1.6462633904771538,0.32644597381845336,1.788139481421899,0.4742152157418612,-0.8162447923896762,-0.41739848415717046,2.872594912188256
0.041876403797621184,-0.20050365585059293,0.7045986509106824,0.3446489971757719,0.23421910994519876,2.255026547322599,2.7426903499876416,3.20601999788966,2.9996319295837,5.95646193155458,3.723934042787884,4.288645067052399,4.27201773099161,-1.0328211888476155,-0.8429361034792323,-1.3005482581319674,-0.05386245342802172
-0.2575146566060946,-0.6311868226776722,1.0422188378053845,-0.5619111550639244,0.3122293364273487,-0.3219282451092988,-0.42902418882488247,-0.365147697234299,-0.4715225336428326,0.6068192594853143,-0.35754879969579195,-0.04999484180280716,-0.37056227806218767,-1.0328211888476155,-0.8429361034792323,-1.3005482581319674,-0.20853778987708504
-1.4481163154208716,-1.311212875562534,-0.4208019720716577,-0.9954834017872575,-0.9749394005281248,-1.135703442719372,1.051109262620962,1.1833710094422927,1.0394700133848922,-0.1221158852077264,0.9430023814260717,0.4157709131184135,0.812610011165025,-0.4844863468021486,-0.8229176201620652,-1.0061650001403686,-0.27040792445671036
0.7659850150066083,0.5701925374189173,-0.4208019720716577,-0.1677545671336217,-0.31185247542985056,0.44663721930021466,0.4167663548584572,0.3704447205032734,0.3326888001303936,-0.3321480455430093,0.08881321061516867,-0.09784748785635723,0.17401039810530425,0.2654942113503609,2.3266570884055633,1.496092692788223,0.5957739596580441
-0.7031199558116251,-0.9485323140239411,-1.0960423458610618,-0.9560677429942271,-1.1699649667334995,-0.8192353103154546,-1.2748147325082222,-1.036295222303999,-1.0329842451066866,-0.7892768650962722,-1.019063721451604,-0.9336737055916984,-0.8916282200066223,-0.7285837926159371,0.15798806237912416,0.907326176805025,-1.0870937009077646
0.5779952794042751,0.20751197588032425,-0.4208019720716577,0.02932372683152969,-0.740908721081675,-0.9548645099171335,-0.006128916983212634,0.3658415138841396,0.3112211464567756,-0.36921254442570633,0.050278360804150476,-0.11060819347063724,-0.33921996576477803,-0.4844863468021486,1.6326830000771027,2.9680089827462184,0.9051246325561708
-1.9981603566276982,-1.8779012529665857,-0.9835022835628278,-1.9020435540269538,-1.638026325626399,-1.6782202411260871,-0.6404718247457174,-1.0698986306236753,-1.0643600466296665,-0.7769220321353731,-1.0704435211996284,-0.9623852932238285,-0.9308061103783843,-0.36066880182413996,-0.8295904479344542,0.024176402830228046,-0.7901170549255631
-0.9607355194148225,-0.9485323140239411,-0.7584221589663598,-0.5619111550639244,-0.38986270191200045,0.8535248181052512,-0.21757655290404757,-0.737547112722219,-0.7522533893747596,-0.6163092036436862,-0.7107849229634586,-0.6720792404989581,-0.31179544250454466,-0.3925075991041993,-0.8229176201620652,-1.0061650001403686,-0.787642249542378
1.4900936262155953,1.5448965465538862,0.2544384017177464,0.4628959735548627,0.9363111482845479,0.17537882009685696,-0.21757655290404757,0.26825353355850423,0.3442483059546494,0.10027110808845555,0.46452799627259594,0.09675327276141305,-0.0375502099022106,0.06031085110108943,2.440095160536177,-0.5645901131529699,0.5710259058261941
-0.1321881662045392,-0.540516682293024,-1.2085824081592957,-0.7195737902360455,-0.9359342872870497,-0.2767185119087392,-0.6404718247457174,-0.678626067997307,-0.7043640081028426,-0.7769220321353731,-0.8199669974280102,-0.7773550618167682,-0.6879031900734599,-0.31467942797516535,1.6193373445323247,1.0545178058008247,-0.6416287319344623
-1.4272285670206122,-1.1978752000817239,-0.4208019720716577,-0.9560677429942271,-1.0529496270102747,-1.0904937095188123,-0.8519194606665523,-0.8793258765915383,-0.8645457316675303,-0.6039543706827872,-0.8071220474910041,-0.8315880606774583,-0.7427522365939268,-0.8842401348740051,-0.21569029287466226,0.6129429188134261,-0.9138573240848137
-0.21573915980557615,-0.20050365585059293,0.47951852631421443,-0.24658588471968224,0.11720377022197391,-0.9096547767165738,-1.2748147325082222,-1.0040727759700627,-0.9784894319351949,-0.6163092036436862,-0.9612614467350769,-0.8283978842738883,-0.8994637980809748,-0.3252923604018518,-0.796226309072509,-0.41739848415717046,-1.0190365528701768
0.32037971580107777,0.07150676530335184,0.9296787755071505,0.10815504441759023,0.19521399670412382,1.1699929505091684,1.051109262620962,1.2818796310917548,1.1154324802300017,1.1010125779212743,1.167789005323678,1.1016588398859646,1.8939197854256564,-1.0328211888476155,-0.8429361034792323,-1.3005482581319674,0.5710259058261941
0.947012167808855,0.8875380287651862,-0.5333420343698917,0.6599742675200141,-0.1948371357066257,-0.005460112705381499,-1.2748147325082222,-0.9271992254305292,-0.8992242491402979,-0.7275027002917772,-0.887402984597292,-0.8539192955024483,-0.8211080173374508,-0.13072193257926676,2.159836394095837,1.2017094347966242,-0.9138573240848137
-0.8702219430136992,-1.0618699895047514,-0.9835022835628278,-1.231977354545439,-0.740908721081675,-1.1809131759199314,0.6282139907792922,0.0546647464306985,-0.043820818145367334,-0.3445028785039083,-0.1102835134084253,-0.17760189794560735,-0.18642619331490623,-0.555239229646725,0.8719806340247518,-0.27020685516137094,-0.4147707468740418
0.7590224322065219,1.2048835201114552,-0.30826190977342366,1.0147151966572865,-0.23384224894770064,0.8987345513058108,1.262556898541797,2.059361229063444,2.188815163910899,1.0763029119994763,2.2274973751266782,1.6344182992821552,1.1103619779904164,0.2124295492169286,-0.782880653527731,-1.1533566291361679,1.2144753054542974
0.6893966042056577,0.1621769056880001,1.9425393361912566,-0.08892324954756113,1.4043725071774473,0.03974962049517811,-0.21757655290404757,-0.3743541104725665,-0.46491710174325784,0.4214967650718294,-0.4667308741603435,-0.12336889908491727,-0.37839785613654003,3.339706970947204,-0.1889989817851061,1.3489010637924235,-1.0128495394122143
-1.3436775734195752,-0.9938673842162652,-0.7584221589663598,-1.4290556485105905,-0.9359342872870497,-1.3165423755216104,-0.8519194606665523,-1.0464222768660931,-1.0131679494079624,-0.7522123662135752,-1.0351199088728618,-0.9049621179595684,-0.9268883213412081,-0.038743184881317484,-0.7028067202590624,-0.858973371144569,-1.0375975932440644
0.7590224322065219,0.6835302128997276,0.47951852631421443,0.6599742675200141,0.9753162615256228,0.8083150849046916,-0.6404718247457174,-0.8438811856242084,-0.8397753620441251,-0.5421802058782923,-0.8231782349122617,-0.6656988876918181,-0.6487252997016979,3.6368690788944247,0.26475330673734887,1.2017094347966242,-0.765369001093713
0.3343048814012506,0.048839230207189784,0.7045986509106824,-0.08892324954756113,0.07819865698089895,-0.3219282451092988,-1.0633670965873874,-0.8668972187198771,-0.8810593114164672,-0.5174705399564943,-0.8777692721445375,-0.7645943562024882,-0.7936834940772173,-0.6401426890602167,0.6651229730806915,0.3185596608218271,-0.9262313510007388
1.1698148174116203,0.7968678883805379,0.5920585886124484,0.3840646559688022,0.6242702423559483,-0.9548645099171335,-1.0633670965873874,-0.7973887987709576,-0.7984914126717828,-0.5545350388391913,-0.781432147616992,-0.7295024157632182,-0.8289435954118031,0.09922493666560643,2.259928810681673,3.4095838697336167,-0.8767352433370386
0.8147230946072131,1.1142133797268068,-0.9835022835628278,1.0147151966572865,-0.07782179598340085,0.22058855329741658,-0.21757655290404757,-0.43465611718321856,-0.4417980900947462,-0.6780833684481812,-0.4217735493808223,-0.5285213023383079,-0.34705554383913045,-0.33944293697076705,1.519244927946489,0.907326176805025,-0.08479752071783439
1.0027128302095463,0.7288652830920518,1.0422188378053845,0.06873938562455996,1.1313367144899227,-0.8644450435160141,2.3197950781459715,2.852033408878275,3.120181061750939,2.534173201385558,2.532564936130572,3.1401815617671973,0.8870480028713728,3.0708460161378137,-0.489276231542613,-0.27020685516137094,2.3281377278875532
0.18112805979934946,-0.3138413313314033,-1.3211224704575297,-0.48307983747786387,-0.6238933813584502,1.0343637509074897,-0.6404718247457174,-0.8526272782005625,-0.9008756071151915,-0.8016316980571712,-0.9034591720185496,-0.8252077078703183,-0.5977940422184073,-0.22270068027721604,1.8662319721107192,1.9376675797756215,-0.8891092702529636
0.27860421900055926,-0.1551685856582688,-0.4208019720716577,-0.12833890834059142,-0.740908721081675,0.44663721930021466,-1.0633670965873874,-0.946532693230891,-0.9421595564875337,-0.7151478673308782,-0.9195153594398072,-0.8794407067310084,-0.7584233927426315,-0.010442031743486938,1.8729047998831083,-0.41739848415717046,-1.0004755124962892
0.8007979290070404,0.27551458116881045,-1.2085824081592957,0.42348031476183245,-0.2728473621887756,0.401427486099655,-0.6404718247457174,-0.39000501297762125,-0.479779323517301,-0.6657285354872823,-0.4442522117705829,-0.5380918315490179,-0.37839785613654003,-0.29345356312179244,1.6393558278494917,1.2017094347966242,-0.394148193615961
1.5318691230161139,2.2702576696310723,-0.6458820966681257,1.369456125794559,0.15620888346304887,0.763105351704132,-0.21757655290404757,0.23326916325308777,0.29470756670783876,-0.5792447047609892,0.22689642243798383,-0.2701170136491375,0.08781903928742782,0.2654942113503609,2.0397254941928344,1.0545178058008247,-1.0375975932440644
1.0375257442099783,1.3408887306884276,0.5920585886124484,1.2512091494154682,0.819295808561323,0.49184695250077426,0.2053187189376223,0.28436475672547235,0.24351546948613442,-0.06034172040323141,0.3232335469655293,0.08718274355070303,0.47568015396787167,0.2088919050746998,2.106453771916725,1.2017094347966242,0.051316775357341325
-0.918960022614304,-0.7671920332546446,-0.9835022835628278,-0.5619111550639244,-1.0529496270102747,-1.000074243117693,0.2053187189376223,0.043617050544777505,-0.06033439789430422,-0.22095454889491836,-0.08138237605016166,-0.04680466539923715,-0.28437091924431124,-0.6578309097713607,0.1179510957447899,-0.27020685516137094,-0.4147707468740418
1.2533658110126573,0.9555406340536724,1.2672989624018525,0.502311632347893,0.897306035043473,0.49184695250077426,-0.21757655290404757,0.09287136136950858,-0.01244501662238726,0.8292062527814963,0.06312331074115654,0.22117015250064323,0.27195512403470923,0.08153671595446234,-0.7762078257553419,-0.41739848415717046,1.0659869824631967
1.9078485942207801,2.3382602749195582,-0.19572184747518967,1.369456125794559,0.5072549026327234,-0.6836061107137757,-0.6404718247457174,-0.48114850403646936,-0.40546821464708505,-0.6286640366045853,-0.49242077403435563,-0.5668034191811478,-0.6369719325901693,0.007246188967657154,2.126472255233892,0.6129429188134261,-0.394148193615961
-0.31321531900678595,-0.1551685856582688,-0.9835022835628278,-0.3254172023057428,-0.9359342872870497,0.5370566857013339,0.2053187189376223,-0.30668697317130045,-0.3311571057768691,-0.7027930343699792,-0.45709716170758896,-0.4870490090918978,-0.20993292753796342,-0.29345356312179244,0.7985795285284722,-0.858973371144569,-0.451892827621817
-1.0442865130158594,-0.9031972438316169,-1.2085824081592957,-1.1925616957524088,-1.1309598534924246,-0.5479769111120969,-0.6404718247457174,-0.7711505210418953,-0.781977832922846,-0.7027930343699792,-0.8552906097547769,-0.7422631213774982,-0.6487252997016979,-0.7462720133270812,0.13796957906195703,-0.7117817421487694,-0.6416287319344623
1.5945323682168915,2.292925204727234,0.2544384017177464,2.0001066664830436,0.2732242231862737,0.44663721930021466,-0.42902418882488247,-0.09171722405775458,0.12626905326868254,-0.4804060410737973,0.00853227350888078,-0.2701170136491375,-0.22952187272384442,0.15936488708349636,-0.7161523758038405,-0.7117817421487694,0.5710259058261941
-1.0303613474156865,-0.9485323140239411,-0.4208019720716577,-1.1925616957524088,-0.8579240608048999,-0.5931866443126564,-0.006128916983212634,-0.5644665438427902,-0.585466233910497,-0.4186318762693023,-0.688306260573698,-0.4838588326883278,-0.48417816014029746,-0.7073579277625641,-0.8095719646172871,-0.858973371144569,-0.20853778987708504
1.0166379958097191,0.7061977479958896,-1.0960423458610618,-0.3254172023057428,0.3512344496684236,1.3960416165119665,0.2053187189376223,0.27561866414911823,0.29801028265762614,-0.6163092036436862,0.23010765992223534,0.10951397837569307,0.4208311074474049,0.2124295492169286,1.9196145942898315,0.024176402830228046,1.0288649017154214
0.745097266606349,0.2301795109764863,0.5920585886124484,-0.12833890834059142,-0.31185247542985056,-0.9548645099171335,-0.6404718247457174,-0.7531980152272737,-0.7704183270985901,-0.5421802058782923,-0.781432147616992,-0.7486434741846382,-0.7819301269656888,-0.7851860988915982,0.1179510957447899,0.3185596608218271,-0.8024910818414881
-2.7431567162369443,-2.3992545601783135,-1.2085824081592957,-2.1385375067851355,-1.9110621183139236,-1.8590591739283258,-1.2748147325082222,-1.1711691762446177,-1.1386711554998825,-0.8016316980571712,-1.1154008459791496,-0.9942870572595285,-0.981737367861675,1.415228557574727,-0.37583815941199933,-0.12301522616557145,1.0164908747994963
-1.4481163154208716,-1.5152206914279926,-1.0960423458610618,-1.2713930133384694,-1.3649905329388743,-1.000074243117693,-0.006128916983212634,-0.78680142354695,-0.7836291908977396,-0.6657285354872823,-0.7846433851012435,-0.6880301225168081,-0.707492135259341,-0.5693898062156403,-0.8028991368448981,-1.1533566291361679,-0.5508850429492175
-1.5316673090219084,-1.4245505510433445,-0.19572184747518967,-1.3896399897175602,-0.8969291740459748,-0.8192353103154546,-0.21757655290404757,-0.6569909968873784,-0.7225289458266732,-0.29508354666031233,-0.7075736854792072,-0.5604230663740078,-0.5703695189581739,0.024934409678801246,-0.7561893424381748,-0.5645901131529699,-0.6540027588503874
-1.39241565302018,-1.1072050596970755,-0.8709622212645938,-1.5473026248896813,-1.1699649667334995,-1.7686397075272065,2.1083474422251367,0.6894469392092418,0.7455282938538156,0.21146460473654652,0.44526057136708685,0.5625190276826337,-0.029714631827858197,-0.4031205315308858,-0.5426588537217254,-0.7117817421487694,-0.6787508126822375
0.6754714386054849,0.8422029585728621,-0.19572184747518967,-0.010091931961500584,0.00018843049874905126,0.49184695250077426,-0.006128916983212634,0.14212567219423963,0.21048830998826065,-0.03563205448143342,-0.13597341328243742,0.08080239074356303,-0.30395986443019224,1.8326705663577272,-0.18232615401271704,1.3489010637924235,1.5856961129320493
1.148927069011361,0.6381951427074035,-1.2085824081592957,-0.010091931961500584,0.2732242231862737,-0.3671379783098584,-0.8519194606665523,-0.5359266628041609,-0.5557417903624107,-0.7275027002917772,-0.6433489357941768,-0.4902391854954678,-0.6448075106645217,-0.5623145179311826,1.6326830000771027,1.6432843217840225,-0.8643612164211134
0.1950532253995223,0.07150676530335184,-0.7584221589663598,0.7782212438991049,0.00018843049874905126,1.5316708161136454,-0.42902418882488247,-0.4682595255028949,-0.48968747136666313,-0.6039543706827872,-0.3960836495068102,-0.5285213023383079,-0.23735745079819684,-0.4667981260910045,1.0921839505135902,0.3185596608218271,-0.20853778987708504
-1.6778815478237232,-1.537888226524155,-0.9835022835628278,-1.5473026248896813,-1.482005872662099,-1.226122909120491,0.6282139907792922,0.7009549557570762,0.753785083728284,-0.10976105224682739,0.7374831824339748,0.15417644802567312,0.6049671921946863,-0.8028743196027422,-0.8429361034792323,-1.3005482581319674,0.9669947671357961
-1.9911977738276119,-1.7645635774857755,-0.8709622212645938,-1.665549601268772,-1.0529496270102747,-1.36175210872217,2.5312427140668063,2.68493700860372,2.8212852682951817,2.175883045519487,2.2435535625479357,3.2965002055421273,2.2230140645484573,-0.44203461709540276,-0.7228252035762296,-0.41739848415717046,-0.02292738613820906
-0.9328851882144769,-0.9258647789277791,-0.8709622212645938,-0.8378207666151364,-0.8189189475638249,-0.45755744471097765,-0.6404718247457174,-0.5543394892806959,-0.559044506312198,-0.4309867092302013,-0.5438005737823799,-0.5317114787418779,-0.36664448902501146,-0.5623145179311826,0.31146310114407216,0.024176402830228046,-0.5735715838968745
0.46659395460289244,0.048839230207189784,0.7045986509106824,-0.24658588471968224,0.7412855820791732,0.08495935369573773,-0.006128916983212634,0.21531665743846617,0.12792041124357623,0.5450450946808194,-0.036425051270640434,0.2913540333791833,-0.0493035770137392,-0.7002826394781065,0.9587273950658094,1.0545178058008247,0.5957739596580441
1.3021038906132623,0.6608626778035656,-1.3211224704575297,1.4877031021736498,-0.8969291740459748,0.8083150849046916,-1.0633670965873874,-0.610958930696041,-0.6350069731573077,-0.8016316980571712,-0.47636458661309805,-0.7837354146239082,-0.554698362809469,0.028472053821030064,-0.7628621702105638,0.024176402830228046,-0.8643612164211134
1.3717297186141264,1.7262368273231827,0.8171387132089165,2.0001066664830436,1.7944236395881967,1.441251349712526,-0.21757655290404757,0.07583949687871372,0.09819596769548986,0.03849694328396056,0.15946043526870202,0.16374697723638315,0.13483250773354222,3.1486741872668476,-0.20234463732988417,0.6129429188134261,1.9569169204098011
-0.3689159814074773,-0.6538543577738343,-0.7584221589663598,-0.7589894490290758,-0.31185247542985056,-0.23150877870817957,-0.006128916983212634,-0.13590800760143854,-0.21060797360962985,-0.30743837962121134,-0.22588806284147986,-0.18398225075274735,-0.021879053753505795,-0.43142168466871633,1.0521469838792559,-0.858973371144569,0.038942748441416264
-0.18092624580514408,0.3208496513611346,-1.2085824081592957,0.42348031476183245,-0.9749394005281248,-0.2767185119087392,-0.006128916983212634,-0.36284609392473216,-0.3096894521032511,-0.7398575332526762,-0.24836672523124045,-0.605085536023988,-0.22560408368666823,-0.37481937839305524,1.0921839505135902,1.2017094347966242,0.10081288302104159
1.162852234611534,2.202255064342586,-0.4208019720716577,2.0001066664830436,0.7412855820791732,2.8427530789298743,-0.42902418882488247,0.09885552997438245,0.4697515120465697,-0.4186318762693023,0.40030324658756566,0.023379215479302946,0.6480628716036245,-0.6047662476379284,0.9387089117486422,1.496092692788223,2.699358535365305
-0.034712007003329375,0.1621769056880001,-0.08318178517695565,0.3840646559688022,-0.4288678151530754,-0.3671379783098584,-1.2748147325082222,-0.9921044387603151,-0.9520677043368958,-0.6780833684481812,-0.9098816469870527,-0.8730603539238684,-0.8524503296348603,2.299639593131931,-0.3624925038672212,0.3185596608218271,-0.963353431748514
1.2533658110126573,1.4088913359769137,1.1547589001036185,1.0147151966572865,1.8724338660703468,0.6726858853030128,-1.2748147325082222,-0.9069451163063408,-0.861243015717743,-0.5421802058782923,-0.8585018472390283,-0.6848399461132381,-0.7623411817798077,3.2901799529560005,0.08458695688284468,0.907326176805025,-0.8519871895051884
0.5849578622043615,0.38885225664962075,-0.5333420343698917,0.3446489971757719,-0.15583202246555075,-0.23150877870817957,-0.42902418882488247,0.06433148033087936,0.1857179403648553,-0.4186318762693023,0.0952356855836717,-0.011712724959967105,-0.44500026976853546,0.11691315737675052,-0.782880653527731,-0.858973371144569,0.4720336904987935
0.5501449482039295,0.5928600725150793,-0.7584221589663598,0.7782212438991049,-0.07782179598340085,2.3454460137237185,1.051109262620962,1.3569118989836348,1.3499253126649056,-0.3321480455430093,1.758656702425957,0.4349119715398335,2.4424102506303247,0.0744614276700047,1.699411277800993,1.6432843217840225,0.9051246325561708
0.43178104060246036,0.3661847215534587,-0.9835022835628278,0.1869863620036508,-0.35085758867092554,0.44663721930021466,-0.21757655290404757,-0.39737014356823525,-0.4302385842704904,-0.7275027002917772,-0.4249847868650738,-0.7071711809382281,-0.4136579574711259,-0.9019283555851492,-0.08890656519927044,-0.27020685516137094,-0.30753000520448553
1.114114155010929,0.7742003532843759,-0.30826190977342366,1.1329621730363775,0.3122293364273487,1.6220902825147647,0.2053187189376223,0.2921902079779997,0.2699371970844334,0.38443226618913245,0.3874582966505596,0.3360165030291634,0.31505080344364744,3.615643214041052,0.031204334703732333,0.46575128981762653,1.1154830901268968
1.517943957415941,1.3635562657845897,-0.30826190977342366,0.8176369026921352,-0.31185247542985056,-0.5027671779115372,0.8396616267001271,1.07933853984987,1.2607519820206463,-0.4433415421911003,1.3668857293472718,0.1350353896042531,-0.010125686641977192,0.4105376211817425,-0.8162447923896762,-0.858973371144569,1.2144753054542974
